"Title","Make/Model","Location","Date Posted","Description","Price","Kilometres","Drivetrain","Listing URL","Notes"
"2014 Mazda CX-5","Mazda CX-5","Calgary, AB","Aug 17, 2026","2014 Mazda CX-5 AWD
Reliable and fuel-efficient 4-cylinder SUV, runs on regular gas and known to last forever with proper maintenance. Very dependable daily driver with AWD for Alberta weather.
Features:
• All-Wheel Drive
• 4-Cylinder Engine
• Automatic Transmission
• Sunroof
• Backup Camera
• Heated Seats
• Clean interior
• Drives smooth","CA$12,500","165,000 km","AWD","https://www.facebook.com/marketplace/item/3303405969831573/",""
"2014 Mazda CX-5","Mazda CX-5","Calgary, AB","Aug 13, 2026","Private sale
Looking for a dependable, fuel-efficient, and great-handling SUV? This 2014 Mazda CX-5 is ready for its next adventure. Known for its sporty driving dynamics, excellent safety ratings, and impressive reliability, this crossover makes for a fantastic commuter, family vehicle, or all-weather daily driver.

Year / Make / Model: 2014 Mazda CX-5 GS
Kilometers: 248,540 km (Highway driven)
Transmission: Automatic
Drivetrain: All-Wheel Drive (AWD)
Color: Meteor Gray Mica
Key Features & Highlights
Winter-Ready: Equipped with newer winter tires installed to handle snow, ice, and cold conditions with total confidence.
Push-button start
Heated front seats
Air conditioning
Cruise control
Steering wheel-mounted audio controls
Bluetooth connectivity
Serious inquiries only. Message today to schedule a viewing or test drive!","CA$9,200","248,540 km","AWD","https://www.facebook.com/marketplace/item/1370780077759290/","Private sale"
"2014 Mazda CX-5","Mazda CX-5","Calgary, AB","Aug 13, 2026","Price: $11700 . plus Fee and GST
FINANCING and WARRANTY available!!!
Mazda CX-5 , 2014 , 197100 km , active status , FWD , power windows , cruise control , alloy rims push button start, Bluetooth , active status , A/C , good condition!
We are licensed dealership and have a car fax and inspection available.
Auto Pocket
North East location address:
40 Hopewell Way NE Suite #10 Calgary
Viewing by appointment only.
Contact phone number : 587~330~7773
Amvic license number: B2036578
Stock number: 1591","CA$11,700","197,100 km","FWD","https://www.facebook.com/marketplace/item/1458258742810748/","FWD - CX-5 was not AWD-restricted so kept. Duplicate posting of the same car (item 2628935504228586, Auto Pocket stock #1591) was skipped"
"2014 Mazda CX-5","Mazda CX-5","Calgary, AB","Aug 17, 2026","2014 Mazda CX-5 GT AWD (SUV/Crossover) with 308,000kms. Grey metallic paint, sunroof, leather seats, Bluetooth, alloy wheels with Michelin Cross Climate 2 tires, forward collision warning. Very reliable car. All-wheel drive to handle any Alberta weather. Great first car, or reliable cost-effective daily driver.","CA$7,750","308,000 km","AWD","https://www.facebook.com/marketplace/item/1775021200509943/","Very high km (308k)"
"2014 Mazda CX-5 AWD 4dr Auto GT","Mazda CX-5","Calgary, AB","Aug 18, 2026","2014 Mazda CX-5 GT AWD – $10,995 + GST
207,625 km
GT AWD
Active status
Leather interior
Heated seats
Sunroof
Backup camera
Bluetooth
Alloy wheels
Keyless entry
Push-button start
Spacious and fuel-efficient SUV
Runs and drives well.
Trade-ins welcome.
AMVIC Licensed Dealer JM3KE4DY7E0325857","CA$10,995","207,625 km","AWD","https://www.facebook.com/marketplace/item/27483211174690572/","AMVIC dealer"
"2015 Mazda CX-5","Mazda CX-5","Calgary, AB","Aug 19, 2026","2015 MAZDA CX5 GT SKYACTIVE AWD WITH 2.5 LITER 4CLY ENGINE COMES FULLY EQUIPPED WITH POWER WINDOWS POWER LOCKS CRUISE CONTROL AC POWER MIRRORS KEYLESS ENTRY BLUETOOTH BACKUP CAMERA HEATED SEATS SUNROOF NAVIGATION COMES BLACK LEATHER INTER NO ACCENDENTS NO HAIL ACTIVE STATUS ONE OWNER MAZDA DEALER SERVICED FROM DAY 1 COME CHECK US OUT AT MERIDIAN MOTORS LTD AT 416 40TH AVE NORTH EAST CALGARY FINANCING IS AVAILABLE WARRENTY IS AVAILABLE STOCK NUMBER S30516.","CA$11,990","207,000 km","AWD","https://www.facebook.com/marketplace/item/2087479238530969/","Dealer listing (Meridian Motors)"
"2016 Mazda CX-5","Mazda CX-5","Calgary, AB","Aug 19, 2026","For sale 2016 Mazda CX-5 Touring with 298,000kms mostly highway driven. All regular maintenance done on time. Engine and transmission is in immaculate condition.
Has remote starter and all the other options like heated seats, blind spot monitoring, navigation, power seat, sunroof and etc.
ACTIVE STATUS
windshield is cracked
No lowballers
Message me for any more info.","CA$7,850","298,000 km","Not stated","https://www.facebook.com/marketplace/item/1591240052791137/","High km (298k); cracked windshield"
"2016 Mazda CX-5 GS","Mazda CX-5","Calgary, AB","Aug 14, 2026","2016 mazda CX-5 GS 265xxxkm in great shape light hail. AWD vehicle","CA$7,500","~265,000 km","AWD","https://www.facebook.com/marketplace/item/1537406394276520/","Light hail; price reduced from $8,500"
"2016 Mazda CX-5","Mazda CX-5","Red Deer, AB","Aug 18, 2026","Selling our 2016 Mazda CX-5 Grand Touring
4cycline
2.5 engine.
Automatic all-wheel drive, Bluetooth, line departure waring, navigation, sunroof, power windows, new rear rotors and brake pad.
Vehicle has Alberta rebuilt status with Strick Government inspection for safety.
Well maintain
Car fax available
Serious inquires only
* if you see the AD is still available.","CA$11,500","214,000 km","AWD","https://www.facebook.com/marketplace/item/1055246630649853/","Rebuilt status; ~145 km from Calgary"
"2014 Mazda CX-5","Mazda CX-5","Edmonton, AB","Aug 19, 2026","South Edmonton Auto Centre
7435 77 Ave NW, Edmonton, AB T6B 0B7 | [hidden information]
Selling our 2014 Mazda CX-5 GT AWD
AWD | GT | LOW KMS | ACTIVE STATUS
CARFAX AVAILABLE | MECHANICAL INSPECTION AVAILABLE | CLEAN STATUS
4-Cylinder | Automatic | AWD | 174,490 KMS | Leather | Heated Seats | Power Seats | Moonroof | Bose Audio | Navigation | Backup Camera | Bluetooth | Push-Button Start | Dual-Zone Climate | Cruise Control | Alloy Wheels
A stylish, fuel-efficient, and well-equipped SUV offering excellent comfort, practicality, and confident all-weather performance.
Price is as advertised + GST! Absolutely NO hidden fees or charges.
Located in South Edmonton. Message us today to book a viewing or test drive.
South Edmonton Auto Centre
AMVIC LICENSED DEALER
7435 77 Ave NW, Edmonton, AB T6B 0B7","CA$12,500","174,000 km","AWD","https://www.facebook.com/marketplace/item/940545172422650/","Edmonton (~300 km from Calgary)"
"2007 Toyota RAV4","Toyota RAV4","Calgary, AB","Aug 16, 2026","2007 Toyota RAV4 Sport v6
Mileage is 147000km
Price is only $11,950+GST
It's Rebuilt title
Contact number is [hidden information]","CA$11,950","147,000 km","Not stated","https://www.facebook.com/marketplace/item/1742124907060492/","Rebuilt title"
"2008 Toyota RAV4","Toyota RAV4","Calgary, AB","Aug 13, 2026","For sale 2008 Toyota Rav 4 (v4 engine 2.4L) with 226,000 km
Clean and reliable with 4WD automatic, power windows, power locks, and cruise control. Runs and drives great with no issues. Very fuel efficient, reliable and inexpensive to maintain.
Features & Highlights:
- Active Status
-Automatic transmission
- V4 engine 2.4L
- 4WD / all wheel drive
- All season tire
- One-owner non-smoker vehicle
- No Crack on Windsheild
- 2 Sets of Keys
- Low mileage
- AC/heating works great
- weekend use only not a daily driver
- recently car detailed professionally
- free car seat covers included
Well cared for and regularly serviced with Fully Synthetic Mobile 1 Oil Change. Everything works as it should. Great commuter car, student vehicle, or daily driver. I am asking $10,990, it is negotiable but no low ball offer please.
Selling this Vehicle as-is, where-is
Message to inquire and we can talk if you are a serious buyer.","CA$10,900","226,000 km","4WD","https://www.facebook.com/marketplace/item/948318931617213/","One owner, non-smoker"
"2008 Toyota RAV4 (Limited)","Toyota RAV4","Calgary, AB","Aug 14, 2026","🚙 2008 Toyota RAV4 Limited
✅ only 198,116 km ✅ V6
Almost brand new new tyres
No rust
Brand new sway bar links
No check engine light
Cold AC
Warm heater
No issues
📞 Call **825**747**7137** to arrange viewing","CA$9,800","198,116 km","Not stated","https://www.facebook.com/marketplace/item/1051295234153499/",""
"2008 Toyota RAV4 A/T 4wd","Toyota RAV4","Calgary, AB","Aug 19, 2026","🚗 2008 Toyota RAV4 4WD – $10,900 OBO

Reliable • Practical • Fuel-Efficient • Spacious

Selling my 2008 Toyota RAV4 4WD with 226,XXX km. Great SUV for daily commuting, errands, winter driving, and road trips. Lots of interior and cargo space.

⭐ Highlights

2008 Toyota RAV4
Active Status Clean Title
4WD Automatic Transmission
2.4L 4-cylinder engine
226,XXX km
All-season tires
2 sets of keys
No cracks on windshield
Regular oil changes and maintenance done by professional mechanic shops
Reliable and has served me very well
Spacious interior and cargo area

💰 Asking: $10,900 OBO
Open to reasonable offers — please no lowballs.

🔧 Inspection welcome!
You're welcome to take it to your own mechanic or have it professionally inspected before purchasing.

🚘 Test drives welcome with proof of valid driver's licence.

Selling because I need to upgrade.

📩 Serious inquiries only. Message me if you're genuinely interested or would like to arrange a viewing/test drive.","CA$10,900","~226,000 km","4WD","https://www.facebook.com/marketplace/item/1474419281380201/","Clean title; inspection welcome"
"2008 Toyota RAV4 Limited V6 4WD","Toyota RAV4","Calgary, AB","Aug 20, 2026","If the ad is up, the car is still available.

Reliable 4WD SUV with a V6 engine and Limited trim package.

176000+km

Power seat, power window, automatic transmission, sunroof.

VIN JTMBK31V[hidden information]

This green silver 2008 Toyota RAV4 has a roof rack, alloy wheels, and a rear-mounted spare tire with a color-matched cover. The exterior is equipped with a front hood deflector and tinted rear windows.
Recently spent $1100 on maintenance including all four wheel brake rotors and pads.can provide receipts.
The windshield is cracked and there is some rust as well ( can be seen in pictures)

Price is firm","CA$8,400","176,000+ km","4WD","https://www.facebook.com/marketplace/item/1101320992554538/","Cracked windshield, some rust"
"2008 Toyota RAV4- 237,000kms- 4WD","Toyota RAV4","Calgary, AB","Aug 18, 2026","Reliable 4WD RAV4, well-maintained and ready for its next owner. Upgrading, so it's time for this one to go to a good home.

Carfax available.

Vehicle Details
* 2008 Toyota RAV4 Base, 4-cylinder
* Automatic transmission, 4WD
* 237,000 km
* Black exterior, cloth interior
* 4-door

Maintenance History
* Suspension done at ~146,000 km
* Transmission fluid changed at ~185,000
* Rear brakes replaced at ~185,000km
* Transfer case serviced at ~230,000 km

Condition
* Active status
* Minor rust and some scratching around the vehicle, including light scratching on the rear passenger side
* Running on Uniroyal Tiger Paw all-season tires (used)

Features
* A/C
* Power windows/locks
* CD player/stereo
* Cruise control
* Roof rails

Solid, dependable 4WD RAV4 — great for Calgary winters. Serious inquiries only, message for more info or to arrange a viewing.

Will not respond to is this still available","CA$8,999","237,000 km","4WD","https://www.facebook.com/marketplace/item/1896437465094795/","Detailed maintenance history"
"2008 Toyota rav4 limited","Toyota RAV4","Calgary, AB","Aug 13, 2026","2008 Toyota RAV4 Limited AWD
$9,800 | Calgary, AB
• 219,000 km
• 2.4L 4-cylinder engine
• Automatic transmission
• AWD / 4WD
• Limited trim
• Leather interior
• Heated seats
• Power windows and locks
• Air conditioning
• Cruise control
• Spacious cargo area
• Runs and drives well
• Mechanical inspection completed
Minor hail damage on the body, reflected in the price.
No issues with the car. Drives well.
Message to arrange a viewing or test drive.","CA$9,800","219,000 km","AWD","https://www.facebook.com/marketplace/item/1043309938553231/","Minor hail damage"
"2009 Toyota RAV4","Toyota RAV4","Calgary, AB","Aug 16, 2026","2009 Toyota RAV4 V6 – Rebuilt Status
2009 Toyota RAV4 V6 in good running condition. Reliable and spacious SUV with a powerful V6 engine. The vehicle has a rebuilt status.
Details:
* 2009 Toyota RAV4
* V6 engine
* Automatic transmission
* White exterior
* Rebuilt status
* Spacious SUV
* Clean interior
* Drives well
* Comes with extra winter tires
Serious buyers are welcome to come and see the vehicle. Message me for more information or to arrange a viewing.","CA$8,000","240,000 km","Not stated","https://www.facebook.com/marketplace/item/1368763704802894/","Rebuilt status"
"2009 Toyota RAV4","Toyota RAV4","Calgary, AB","Aug 20, 2026","Good shape 2 sets of tires runs and drives great. Everything works heated seats .$8000.00 OBO","CA$9,000","195,000 km","Not stated","https://www.facebook.com/marketplace/item/1693274281788221/","Minimal description"
"2009 Toyota RAV4","Toyota RAV4","Calgary, AB","Aug 20, 2026","(No seller description provided on the listing.)","CA$9,000","232,000 km","Not stated","https://www.facebook.com/marketplace/item/1757368871946034/","Listing has no description text; 2 owners, grey/grey, gasoline, automatic"
"2009 Toyota RAV4","Toyota RAV4","Calgary, AB","Aug 17, 2026","2009 toyota rav4 awd drive
It has 217000km
2.5L engine size
Bought it last year all the services are up to date
New serpentine belt
Rear diff and transfer case service 2 months ago
New breaks
Oil change done every 5000kms
Transmission oil change 2 months ago
It has little rust it is common due to this car age
New spark plug
New all season tires
Always parked in basement
No hail
Active status","CA$8,500","217,000 km","AWD","https://www.facebook.com/marketplace/item/1700092534399859/","Recent diff/transfer case service; no hail"
"2009 Toyota RAV4","Toyota RAV4","Calgary, AB","Aug 16, 2026","Price negotiable
Serious buyers only dm","CA$8,500","207,342 km","Not stated","https://www.facebook.com/marketplace/item/911825661475264/","Minimal description"
"2009 Toyota Rav4 SUV all wheel drive","Toyota RAV4","Calgary, AB","Aug 18, 2026","Reliable and fuel-efficient Toyota RAV4 that runs and drives great with no mechanical issues. Well maintained and ready for daily driving.
Features:
• Automatic transmission
• Power windows, locks & mirrors
• Cruise control
• Air conditioning
• Keyless entry
• ABS, traction & stability control
• Spacious cargo area
• Folding rear seats
Recent Service (Feb 9, 2026):
✓ 4 brand-new tires mounted & balanced
✓ Front shocks replaced
✓ Rear wheel bearings/hubs replaced
✓ Differential fluid serviced/flushed
✓ Rear differential serviced
✓ Driveshaft inspected
✓ Alignment checked
Rebuilt Status due to a front-right collision (see last photo). Repairs completed and vehicle runs and drives excellent.
Clean, reliable SUV with lots of life left. Message for more information or to book a test drive.","CA$10,500","218,000 km","AWD","https://www.facebook.com/marketplace/item/2047285462845833/","Rebuilt status; extensive recent service"
"2010 Toyota RAV4 (Limited)","Toyota RAV4","Calgary, AB","Aug 13, 2026","rebuilt title
Selling my 2010 Toyota RAV4 Limited with 127,000 KM. This SUV has been well cared for and is a great option for someone looking for a reliable daily driver, winter vehicle, or family SUV.
✅ Limited Package
✅ AWD — Great for Alberta winters
✅ blue exterior
✅ Spacious interior with plenty of cargo room
✅ Toyota reliability and low maintenance costs
Runs and drives great.
Clean, practical, and ready to go.
📍Located in Calgary
Serious inquiries only message for more details or to come take a look.","CA$12,000","127,000 km","AWD","https://www.facebook.com/marketplace/item/1717172042842366/","Rebuilt title; low km"
"2010 Toyota RAV4 (Sport Edition)","Toyota RAV4","Calgary, AB","Aug 13, 2026","2010 Toyota Rav4 sport edition highly reliable with exceptional fuel economy.
Sport appearance package trim,
2.5L , 4cylinder engine. AUTOMATIC.
Brand new windshield
New brakes rotors and pads
Alloy rims with all season Michelin tires
Brand New front bearing assembly installed July 22nd
Brand new rear struts
All maintenance up today. Oil change, air filters, alignment and Active status.
This is you chance to get one rav4 to enjoy the trips and never get stuck in winter.
Price is fair due the conditions of this one owner suv ONLY for sale. No interested on trade or low balls offer.
Here is the clean carfax for u to review: https://vhr.carfax.ca/en-ca/?id=IDsdz37ZmEi9ltjdBr6HZ7vKJDrc880h","CA$12,500","177,800 km","Not stated","https://www.facebook.com/marketplace/item/1833681761132640/","One owner; clean Carfax link provided"
"2012 Toyota RAV4","Toyota RAV4","Calgary, AB","Aug 20, 2026","Currently registered in Calgary.
Drives like a sports car with upgraded suspension.
Well maintianed and wont let you down.
Tires in excellent condition both all season and winter tires.
Leaving the province so this is for a quick sale.
Cons
Cracked windshield
Airbag light
$8,250 OBO","CA$8,250","269,000 km","Not stated","https://www.facebook.com/marketplace/item/3551922981633669/","Cracked windshield; airbag light on"
"2012 Toyota RAV4","Toyota RAV4","Calgary, AB","Aug 13, 2026","2012 Toyota Rav 4, 304,000k.
New windshield
New rear brakes
New muffler and exhaust
New alternator
New battery
Set of winter tires on rims used only 1 season.","CA$9,000","303,572 km","Not stated","https://www.facebook.com/marketplace/item/2257609821660584/","Very high km (304k)"
"2013 Toyota RAV4","Toyota RAV4","Calgary, AB","Aug 13, 2026","2013 Toyota RAV4 Limited AWD
Selling my well-maintained 2013 Toyota RAV4 Limited AWD because I've upgraded to a newer RAV4 Hybrid.
This has been an incredibly reliable SUV and has never let me down. It has been regularly serviced throughout my ownership, including routine oil changes and scheduled maintenance. Everything works exactly as it should, and it's ready for its next owner.
Features
• 2.5L 4-cylinder engine
• Automatic transmission
• AWD – perfect for Alberta winters
• Push-button start (Smart Key)
• Remote start
• Heated leather seats
• Power sunroof
• Backup camera
• Bluetooth / Hands-Free
• 2 original key fobs
Condition
• Runs and drives excellent
• Engine runs smooth and quiet
• Transmission shifts perfectly
• No warning lights on the dashboard (see photo)
• Brakes and tires are in good condition
• Clean interior and exterior for its age
• Some minor cosmetic hail damage
• Regularly serviced and well maintained
• Non-smoker vehicle
• No pets","CA$10,499","287,817 km","AWD","https://www.facebook.com/marketplace/item/1447702437407372/","Well documented; minor hail"
"2012 Toyota RAV4","Toyota RAV4","Chestermere, AB","Aug 15, 2026","Selling our super reliable 2012 Toyota rav4. Car is very well taken care of. ACTIVE STATUS. Super low kms for the year and has no problems at all and has always treated us well. 0 rust on the vehicle, tires still have plenty of life. has Bluetooth Audio and calling, super good on gas as well. Needs absolutely nothing and is ready for a new owner. Please contact me if interested thanks.","CA$11,900","184,000 km","Not stated","https://www.facebook.com/marketplace/item/1793991071775455/","Chestermere (~25 km E of Calgary)"
"2008 Toyota RAV4 Sport 4WD V6","Toyota RAV4","Banff, AB","Aug 16, 2026","2008 TOYOTA RAV 4 SPORT 4WD V6
Rav is looking for a new owner. Available mid September and winter ready.
Specifics:
Has had 2 owners
Sport edition
3.5L V6 engine
5 speed automatic transmission
4WD with 4WD electronic lock button
Cruise control
Sun roof
Mileage: 217,000kms
Last service/oil change: April 2026
New tires Oct 2025 (winter - currently on vehicle, nil summer tires)
Nil accidents occurred with me or mechanical work needed since purchase in July 2025.
Current condition:
Needs no immediate mechanical services.
Some rusting underneath the car, recommended to monitor.
Hail damage to the cars body.
Car lights may need new bulbs at some point as can be dim at night.
Car fax from purchase in July 2025 available. Or welcome to have the car checked by a mechanic.
Open to offers!!
** Car will be washed and detailed prior to sale, however still being used for the next month so she's currently dusty.","CA$9,000","217,000 km","4WD","https://www.facebook.com/marketplace/item/2266109784138125/","Banff (~130 km W of Calgary); hail damage; available mid-Sept"
"2010 Toyota RAV4 Sport (V6, AWD)","Toyota RAV4","Canmore, AB","Aug 14, 2026","Located in Oromocto.
My wife and I are moving out of the country and sadly we must sell our 2010 RAV4 Sport. Comes with the V6 2GR-FE engine and AWD with 255,668km on the odometer. It has spent it's entire life in Alberta (no rust!). We drove across the country approximately 8500km (averaging 9.2l/100km) from Canmore, Alberta all the way to Corner Brook NFLD and now back to Oromocto. We purchased it from a Toyota mechanic in January of 2023 and have had no issues since. It's been very well maintained and looked after! All the maintenance done by me has been with Toyota genuine filters, parts and fluids only. I can provide a CarFax report and the service history from Toyota.
---
Quick highlights
- Alberta vehicle that is now registered and insured in NB.
- Great on gas given the engine size.
- Upgraded stereo and speakers with rear view camera installed.
- 4WD lock, DAC (Downhill Ascent Control), heated mirrors and windshield wipers, cruise control, sunroof.
-----
The ""bad"":
- Windshield being replaced this week.
- Will be having it inspected in the coming weeks.
- Rebuilt title: was rear ended in May 2022. Repaired and back on the road in July 2022. Information can be seen in the CarFax report.
-----
The good:
- Oil changed regularly at 8k to 10k KM. Most recently changed August 17th, at 255,668km.
---
All maintenance done prior to leaving Alberta at 248,000km.
- Transmission pan gasket replaced. Fluid drained and filled.
- Transfer case and rear diff fluid drained and filled.
- Sparkplugs and air filter replaced.
- Starter motor replaced with new Denso starter.
- Both rear wheel bearings replaced.
- New headlight and fog light bulbs.
-----
Other maintenance items and history.
- Audio system upgraded with Pioneer AVH-2300NEX head unit, Pioneer MAX TS-A653CH 6.5"" component speakers up front and Focal PC165 6.5"" coax speakers in the back. Head unit supports Apple CarPlay, Android Auto and of course Bluetooth.
- New radiator, AC condenser and front bumper, replaced in January 2026, with full AC system recharge. (Slow slide into a truck with trailer hitch at -30, breaking the bumper and bending the radiators.)
------
Asking $9750 OBO. Please reach out if you have any questions or wish to come check it out in person.","CA$9,750","255,668 km","AWD","https://www.facebook.com/marketplace/item/1227665942837662/","Listed under Canmore but seller says vehicle is physically in Oromocto, NB - verify before travelling. Rebuilt title. Exceptional maintenance documentation."
"2016 Toyota RAV4","Toyota RAV4","Edmonton, AB","Aug 18, 2026","Check out my 2016 Toyota rav4, reliable SUV that is very good on gas, perfect for everyday drive, everything perfect on this car except the the little accident on the trunk and that's reason the price came down, if you're interested call [hidden information].","CA$11,000","237,590 km","Not stated","https://www.facebook.com/marketplace/item/1981954392780902/","Edmonton; trunk damage"
"2010 Subaru Forester","Subaru Forester","Calgary, AB","Aug 19, 2026","Price: $9250 plus Fee and GST
FINANCING and WARRANTY available!!!
Subaru Forester 2010 , 158000 km , AWD , active status , panoramic roof , power seat , power windows , active status, heated seats , A/C , cruise control, good condition!
We are licensed dealership and have a car fax and inspection available.
Auto Pocket
North East location address:
40 Hopewell Way NE Suite #10 Calgary
Viewing by appointment only.
Contact phone number : 587~330~7773
Amvic license number: B2032210
Stock number: 1567","CA$9,250","158,000 km","AWD","https://www.facebook.com/marketplace/item/1070506245954486/","Dealer (Auto Pocket); low km for year"
"2010 Subaru Forester X Sport","Subaru Forester","Calgary, AB","Aug 19, 2026","Atlantic Auto Sales - AMVIC License Dealer
📍 Address: 1556 9th Ave SE
AMVIC License Business
____________________________________________________
Contact me for quick answers to your questions about this Subaru_Forester_X Sport_GASOLINE _ Stock ID: AT723026
_____________________________________________________
***** Subaru Forester X Sport Wagon *****
_____________________________________________________
Atlantic Auto Sales
📍 Address: 1556 9th Ave SE
____________________________________________________
Stock ID: AT723026
💥 Check Out More Of Our Great Cars On Facebook Marketplace 💥
Please check out CARFAX report on our website ~~ atlanticautosalescalgary.com~~
Year : 2010
Make : Subaru
Model : Forester
Kilometers : 218475 Kms
Body style : Wagon
Fuel type : GASOLINE","CA$7,995","218,475 km","AWD (Subaru standard)","https://www.facebook.com/marketplace/item/1068974215481847/","Dealer listing"
"2011 Subaru FORESTER X CONVENIENCE","Subaru Forester","Calgary, AB","Aug 15, 2026","VEHICLE DESCRIPTION:
 . Year: 2011
 . Make: SUBARU
 . Model: FORESTER
 . Body Style: suv
 . Odometer: 175266
 . Transmission: automatic
 . Engine: 4 Cylinder
 . Engine Size: 2.5 L
 . Driveline: AWD
 . Exterior Color: White
 . Interior Color: Black
 . Doors: 4
 . Passengers: 5
 . Fuel Type: gas
 . City Fuel: 9.9
 . Hwy Fuel: 7.5
 . Stock Number: HW6439
 . VIN: JF2SHCBC2BH766439
 2011 Subaru Forester X Convenience AWD. Clean CARFAX • All-Wheel Drive • Exceptionally Maintained. Experience confidence and comfort in every season with this 2011 Subaru Forester X Convenience AWD. Known for its outstanding reliability and Subaru's legendary Symmetrical All-Wheel Drive system, this Forester is the perfect blend of practicality, safety, and refined everyday driving. Finished with a clean interior and well-kept exterior, this vehicle has been carefully maintained and comes with a Clean CARFAX for added peace of mind. Powered by Subaru's reliable 2.5L BOXER engine and smooth automatic transmission, it delivers a balanced, responsive drive with excellent year-round capability. Features Include:• Symmetrical All-Wheel Drive• Clean CARFAX – No Accident History• 2.5L BOXER Engine• Automatic Transmission• Heated Front Seats• Cruise Control• Air Conditioning• Power Windows, Locks & Mirrors• Keyless Entry• AM/FM/CD/AUX Audio System. This Forester offers the reliability and versatility Subaru is known for, making it an excellent choice for commuters, students, and families alike. Contact us today for more information or to arrange a viewing. Discover Hot Wheels Calgary , your go-to for affordable, reliable vehicles perfect for first-time buyers, families, and more. Located in Calgary, we offer flexible financing for all credit types and optional extended warranties for added peace of mind. Enjoy the convenience of nationwide delivery across Canada. At Hot Wheels Calgary, we're committed to a seamless, transparent car-buying experience with exceptional service. Drive away in style without breaking the bank! 📍 Hot Wheels Calgary – AMVIC Licensed Dealer 📞 or Text- [hidden information] JF2SHCBC2BH766439","CA$10,990","175,266 km","AWD","https://www.facebook.com/marketplace/item/1365786022433731/","Dealer; clean CARFAX, no accidents; VIN published"
"2013 Subaru Forester","Subaru Forester","Calgary, AB","Aug 18, 2026","Active Title/Forester X Limited
AWD - Automatic transmission
Mileage - 274,953 KM
Recent work done:
- New rear brake rotors installed
- New rear shocks installed
- New spark plugs and ignition coil installed
- Engine inspected, it's in good working condition
Maintenance history can be checked on Carfax.
Everything is in clean working condition. Selling because I am looking to upgrade. Runs and drives great. Scratch marks on the left side of the rear bumper.
Features:
☑️ Sun roof
☑️ Heated front seats
☑️ Front/Rear cameras
☑️ Apple CarPlay/Android Auto
☑️ Full set winter tires with wheels (Bridgestone Blizzak)
No lowball offers, please.","CA$9,000","274,953 km","AWD","https://www.facebook.com/marketplace/item/2945475825821547/","Active title; winter tires included"
"2014 Subaru Forester","Subaru Forester","Calgary, AB","Aug 16, 2026","2014 Subaru Forester – Active status!
Lots of Life Left!
Selling my 2014 Subaru Forester in good condition. This is a reliable, practical SUV with plenty of life still left in it. Great for daily commuting, road trips, and Alberta winters.
✅ Reliable Subaru AWD
✅ Spacious and comfortable interior
✅ Great cargo space
✅ Good on fuel for an SUV
✅ Smooth and dependable
✅ Well cared for
✅ Ready to drive
The vehicle has been used but is still in good overall condition for its age. It has served me well and would make a great vehicle for someone looking for an affordable, dependable SUV.
Price is $9000 OBO","CA$9,000","287,635 km","AWD","https://www.facebook.com/marketplace/item/2456738411799635/","High km (288k)"
"2015 Subaru Forester","Subaru Forester","Calgary, AB","Aug 13, 2026","‼️Hot Deal at Rj Auto Sales‼️
2015 Subaru Forester 144km 2.5l engine, AWD. Super clean car in and out, no issues, no rust, no leaks, no hail. Runs and drives perfect. Comes with all recent inspection and comes with warranty. Over 40 service Records. If your interested in viewing and test drive contact me at 403-973-6295
Comes with 1 month warranty
Rj auto sales
621 37ave Ne. T2E 2M1
Features
-Heated seats
-steering wheel controls
-Trailer hitch
-Back up camera
-power windows
-bluetooth
-awd lock
-Roof Rack
Plus much more
Mechanical inspection available
Structural inspection available
Amvic licensed facility
Carfax available
No hidden fees
Price does not include GST
Rebuilt status
Stock# H572911","CA$11,200","144,457 km","AWD","https://www.facebook.com/marketplace/item/1059577643225990/","Rebuilt status. Duplicate posting also exists (item 1045766884829232, same stock #H572911) - counted once"
"2015 Subaru Forester","Subaru Forester","Calgary, AB","Aug 13, 2026","Selling my car Forester 2015 nice car good tires","CA$9,900","244,000 km","AWD (Subaru standard)","https://www.facebook.com/marketplace/item/2487816725074015/","Minimal description"
"2015 Subaru Forester","Subaru Forester","Calgary, AB","Aug 16, 2026","SUV ready for you 2015 Subaru Forster AwD with 2.0 engine was 182,000 km fully inspected Alberta registry in excellent condition 10 995 OBO trade and financing available","CA$10,995","182,000 km","AWD","https://www.facebook.com/marketplace/item/1724931345378726/",""
"2015 Subaru Forester 2.5 engine awd","Subaru Forester","Calgary, AB","Aug 13, 2026","2015 Subaru Forester. Engine: 2.5L Gas 4 Cylinders. Reliable and one of the safest AWD vehicle for Canadian winter and Snow time.
car has heated mirrors and heated seats, multifunctional steering wheel with cruise control and paddle shifters, backup camera, The interior in good overall condition. equipped with X-mode
few month ago had small accident in MB (just bumpers was cracked can provide photo) , after was shipped to Calgary, and now it's rebuilt AB. just passed inspection, just replaced brakes, all of wheel bearing","CA$9,200","203,000 km","AWD","https://www.facebook.com/marketplace/item/1696108968356034/","Rebuilt (AB). Near-identical repost also live as item 1521307932634280 at $9,300 - counted once"
"2016 Subaru Forester","Subaru Forester","Calgary, AB","Aug 20, 2026","I am selling our beautiful and well maintained 2016 Subaru Forester.
It runs and drives flawlessly, no warning lights, no mechanical issues.
Comes with thick all season tires.
Well-maintained and reliable SUV in excellent condition. Car is All Wheel Drive and never stuck in snow.
Car has Bluetooth, Sirius XM, heated seats, reverse camera, moon roof, electric seat adjustment, electric tail gate, roof rails, cruise control etc. Comes with 2 sets of floor mats, AC blows freezing cold air, heater works fine as well.
No mechanical issues. Serpentine belt, valve cover gasket, drive belt idler pulley replaced around a year ago. New windhshield and alternator installed recently. All fluids, spark plugs and other maintenance parts have been replaced in a timely manner since day one.
Perfect for daily driving or family use. Serious inquiries only, price negotiable.","CA$8,700","228,000 km","AWD","https://www.facebook.com/marketplace/item/27744163601907758/","Strong value; good maintenance detail"
"2017 Subaru Forester - ONE OWNER CLEAN CARFAX","Subaru Forester","Calgary, AB","Aug 13, 2026","Runs and drives great
$9,999
Private sale
200k driven

Clean Carfax No accidents or claims. One owner car

Can also finance if needed","CA$9,999","~200,000 km","AWD (Subaru standard)","https://www.facebook.com/marketplace/item/1706779287057144/","One owner, clean Carfax"
"2017 Subaru Forester","Subaru Forester","Okotoks, AB","Aug 13, 2026","200k driven
2017 Subaru Forester
$11,999

Runs and drives great","CA$11,999","~200,000 km","AWD (Subaru standard)","https://www.facebook.com/marketplace/item/1872861370351649/","Okotoks (~45 km S of Calgary); minimal description"
"2012 Subaru Forester","Subaru Forester","Brooks, AB","Aug 13, 2026","My Subaru Forester 2012 low km active status remote starter sunroof heat seater AWD 4 cylinder good for gas no leaks small scratches no issues at all serious buyer thanks!","CA$8,900","141,356 km","AWD","https://www.facebook.com/marketplace/item/1977286032982272/","Brooks (~185 km SE of Calgary); low km"
"2011 Subaru Outback 2.5i Limited AWD : One Owner","Subaru Outback","Calgary, AB","Aug 19, 2026","2011 Subaru Outback 2.5i Limited AWD | One Owner | 199,621 KM
The 2011 Subaru Outback Limited AWD is a versatile wagon built for comfort, capability, and year-round confidence. Powered by a 2.5i 4-engine and Subaru's legendary All-Wheel Drive, it delivers smooth performance and excellent handling in all weather conditions.
All our inventory comes with Carfax report and safety inspection.
Financing Available
AMVIC Licensed
Stock: F2415","CA$8,995","199,621 km","AWD","https://www.facebook.com/marketplace/item/2169029437290799/","One owner; dealer listing"
"2012 Subaru Outback 2.5i w/Limited & Nav Pkg","Subaru Outback","Calgary, AB","Aug 14, 2026","2012 Subaru Outback 2.5i Limited w/ Navigation – Fully Loaded All-Weather Wagon
Looking for a reliable, feature-packed AWD vehicle at an affordable price point? This 2012 Subaru Outback Limited with Navigation combines legendary Subaru capability with top-tier comfort features. Finished in a classic silver exterior with a premium black leather interior.
Odometer: 290,072 km
Price: $8,988 + tax
Amvic licensed dealer
Price excludes gst
Exterior Color: Silver
Interior Color: Black Leather Interior
Key Features & Highlights:
Symmetrical All-Wheel Drive: Subaru's full-time AWD system combined with a efficient 2.5L 4-cylinder engine for ultimate all-season driving confidence
Limited Luxury Trim: Full black leather upholstery, 10-way power driver's seat, power passenger seat, dual-zone automatic climate control, and heated front seats
Navigation & Audio: Built-in touchscreen GPS navigation system paired with a Harman Kardon premium audio system and Bluetooth connectivity
Open-Air & Utility: Power sunroof, roof rails with integrated crossbars, and rear cargo tray for maximum practicality
Convenience & Comfort: Power windows and locks, keyless entry, leather-wrapped steering wheel with audio controls, and auto-dimming rearview mirror
Well-maintained, clean inside and out, and ready for many more adventures or daily commuting. Excellent value for a fully optioned AWD crossover.
Send a message to arrange a viewing or schedule a test drive.","CA$8,988","290,072 km","AWD","https://www.facebook.com/marketplace/item/1619594743074591/","High km (290k)"
"2014 Subaru Outback","Subaru Outback","Calgary, AB","Aug 16, 2026","2014 Subaru Outback 2.5i Premium AWD 🚗
✅ ACTIVE STATUS (zero accident)
✅ 189,000 km
✅ AWD (All-Wheel Drive)
✅ Backup Camera
✅ Apple CarPlay
✅ Navigation System
✅ Heated Front Seats
✅ Power Sunroof
✅ Premium Trim
✅ Spacious Interior & Cargo Area
✅ Reliable & Fuel Efficient 2.5L Boxer Engine
✅ Perfect for Alberta Weather","CA$8,900","189,000 km","AWD","https://www.facebook.com/marketplace/item/914014345098663/","Active status, zero accidents - strong price"
"2014 Subaru Outback SUNROOF | HEATED SEATS | AWD | BLUETOOTH | DUAL CLIMATE CONTROL | Black","Subaru Outback","Calgary, AB","Aug 13, 2026","2014 Subaru Outback – Adventure Awaits with SUNROOF & HEATED SEATS! 🚙🌟
Experience the perfect blend of comfort and capability with this stunning 2014 Subaru Outback in elegant Black. Ideal for both city driving and off-road adventures, this SUV is designed for those who crave versatility and style.
- Spacious 4-door design with automatic transmission
- Stunning sunroof for bright, open views
- Enjoy heated seats for those chilly days 🥶
- Reliable AWD for superior traction on any terrain
- Bluetooth connectivity for hands-free calls
- Dual climate control for personalized comfort
Don't miss out on this fantastic deal! 💰
Price: $10,900
Mileage: 231,913 km
Stock #: 308925-T
CARFAX AVAILABLE
FINANCING OPTIONS AVAILABLE
AMVIC LICENSED
Message me for more details or to book your test drive today! 📩🚗
#Subaru #Outback #AWD #ForSale #CarListing #UsedCars #Black #TestDrive #LuxurySUV","CA$10,900","231,913 km","AWD","https://www.facebook.com/marketplace/item/1431868455654977/","Dealer listing"
"2015 Subaru Outback","Subaru Outback","Calgary, AB","Aug 19, 2026","Selling my beautiful 2015 Subaru Outback Limited Edition With 2.5L 4-Cylinder Engine Good on GAS fully loaded push to start the engine remote keyless entry like new winter tires and ofter market rims brand new front rooters and pad brakes brand new rear pad brakes fully detailed interior and exterior very very clean inside and outside and very low kilometres of the age runs and drive very very smoothly no lights on dash or leaks no rust no hail absolutely need nothing fully inspected and have paperwork ready to show in person rebuilt status no low ballers please","CA$8,499","177,891 km","AWD (Subaru standard)","https://www.facebook.com/marketplace/item/1698424201272926/","Rebuilt status"
"2015 Subaru Outback 2.5i | AWD | Heated Seats","Subaru Outback","Calgary, AB","Aug 19, 2026","🚙 2015 Subaru Outback 2.5i Premium | AWD | 245,420 KM
✅ 2.5L Engine
✅ AWD
✅ Heated Seats
✅ Backup Camera
✅ Bluetooth Connectivity
✅ Cruise Control
✅ Power Windows & Locks
✅ Leather Steering Wheel
✅ Spacious Wagon
The 2015 Subaru Outback 2.5i Premium is a practical and capable AWD wagon, perfect for daily driving, road trips, and year-round Canadian conditions.
✔️ Financing Available
✔️ Carfax & Safety Inspection Available
✔️ AMVIC Licensed
📩 Message us today for details or to book a test drive!
Stock # F2632","CA$10,715","245,420 km","AWD","https://www.facebook.com/marketplace/item/1819314876092347/","Dealer listing"
"2018 Subaru Outback","Subaru Outback","Red Deer County, AB","Aug 13, 2026","2018 Subaru Outback Touring Trim. 329000 km, pretty high but still runs great. Been in family for a while just selling because I need a truck. Show me trades, offers or text for questions.","CA$10,500","329,000 km","AWD (Subaru standard)","https://www.facebook.com/marketplace/item/929706476840280/","Red Deer County (~140 km N); very high km (329k)"
"2007 Honda CR-V","Honda CR-V","Calgary, AB","Aug 18, 2026","She's a 2007 with 198010km and I bought her 3 years ago at 177715km. Pretty good condition over all. I have documentation to show servicing and overall history. I would love to keep her but I'm moving out of country.
Open to negotiating.
If you have any questions, please do ask.","CA$11,500","198,010 km","Not stated","https://www.facebook.com/marketplace/item/1349569060661535/","Service documentation available"
"2010 Honda CR-V","Honda CR-V","Calgary, AB","Aug 13, 2026","🚙 2010 Honda CR-V EX-L — AWD | Reliable & Practical!
Looking for an affordable SUV that's great for daily driving, family trips, and Alberta roads?
✅ EX-L trim
✅ AWD
✅ Spacious & comfortable interior
✅ Great visibility & practicality
✅ Honda reliability
Contact Jay at 4️⃣0️⃣3️⃣ 4️⃣9️⃣8️⃣ 7️⃣2️⃣9️⃣5️⃣ for more details","CA$11,998","215,755 km","AWD","https://www.facebook.com/marketplace/item/1344825197694330/",""
"2011 Honda CR-V EX : 4WD *sunroof* Well Maintained","Honda CR-V","Calgary, AB","Aug 14, 2026","2011 HONDA CRV EX AWD ::
FINANCING AVAILABLE
Well Maintained , Sunroof, Heated seat , Bluetooth , Power Windows , Power Locks, Power Mirror, Keyless Entry, AM FM CD , Alloy Wheel , 4 Cylinder Engine 2.4L , Active Status ,...Much more....
Amvic Licensed Stock #A1392
Fine Auto Zone
10620- 36 Street NE Calgary
Call/text For Viewing, at *403 *472 *4050
Price 8495 + Tax","CA$8,495","299,203 km","AWD","https://www.facebook.com/marketplace/item/1403683258304694/","Active status; very high km (299k)"
"2012 Honda CR-V","Honda CR-V","Calgary, AB","Aug 19, 2026","2012 Honda Crv touring 2.4L engine has 206000 km runs and drives amazingly no issues no rust no leaks
full leather interior
sunroof
Remote starter
back up camera
bluetooth
heated seats
cruise control
Econ fuel saving
fresh oil change
transmission flush
full timing chain kit
New brakes
New rear stabilizer link kits
asking $10,900 or best offer","CA$10,900","206,000 km","Not stated","https://www.facebook.com/marketplace/item/1376930983994130/","Touring trim; recent timing chain kit"
"2012 Honda CR-V LX","Honda CR-V","Calgary, AB","Aug 19, 2026","2012 Honda CR-V LX | Heated Seats | Backup Camera | Keyless Entry
220,960 KM | 2.4L 4-Cylinder | Automatic
2012 Honda CR-V LX with 220,960 KM and rebuilt status. A practical 5-passenger SUV with heated seats, backup camera, and plenty of useful features.
Features include:
Black cloth heated seats
Cruise control
Steering wheel controls
Keyless entry
Power windows
Power mirrors
Power locks
Bluetooth audio
USB and AUX
Backup camera
Seating for 5
Rebuilt status
We believe buying a vehicle should be simple and stress-free. Our sales team is not paid on commission, allowing us to focus on finding the right vehicle for you.
No hidden dealership fees, documentation fees, or AMVIC levy. Just the advertised price plus GST.
Message us for more information or to arrange a viewing.
#HondaCRV #CRVLX #Honda #SUVForSale #UsedSUV #UsedCars #AlbertaCars #AlbertaVehicles #CalgaryCars #AirdrieCars #HeatedSeats #BackupCamera #KeylessEntry #Bluetooth #RebuiltStatus #AffordableSUV #FamilySUV #HondaCRVForSale","CA$8,900","220,960 km","Not stated","https://www.facebook.com/marketplace/item/1118691650819322/","Rebuilt status; dealer (no hidden fees policy)"
"2013 Honda CR-V","Honda CR-V","Calgary, AB","Aug 13, 2026","🚙 2013 Honda CR-V EX Auto | Extra Clean | Reliable
AB-Rebuilt Title
Ready to Register in Alberta
📌 Stock# 0959
📅 2013 Honda CR-V
⚙️ Automatic Transmission
📍 245,743 Km
💰 $10,500 + GST
✅ Extra Clean Car
✅ Sunroof
✅ Alloy Rims
✅ Michelin Tires
✅ Runs & Drives Good
✅ Reliable & Practical SUV
✅ Great Daily Driver
🔧 Professionally Rebuilt & Inspected
📋 Mechanical Fitness Assessment Included
📄 Carfax History Report Included
Japan Dream Cars Ltd.
📍 3698 44 Ave SE, Calgary, AB
📞 [hidden information]
🕘 Monday – Saturday: 9:30 AM – 6:00 PM
🚫 Sunday: Closed
AMVIC Licensed Business","CA$10,500","245,743 km","Not stated","https://www.facebook.com/marketplace/item/1035433606057856/","Rebuilt title; dealer"
"2014 Honda CR-V","Honda CR-V","Calgary, AB","Aug 16, 2026","2014 HONDA CR-V LX AWD 🚗
Looking for one of the most dependable compact SUVs on the market? This 2014 Honda CR-V LX AWD is known for its legendary Honda reliability, low maintenance costs, and excellent fuel economy. It's been well maintained and is ready for its next owner.
✅ Active Status
✅ All-Wheel Drive (AWD)
✅ Backup Camera
✅ Heated Front Seats
✅ Brand New Tires
✅ New Front & Rear Brakes and Rotors
✅ Ball Joint Replaced
✅ Fresh Engine Oil Service
✅ Brand New Windshield
✅ Professionally Detailed & Cleaned
✅ Inspection Passed – Ready to Drive
A practical SUV that's perfect for Alberta weather, offering confidence in winter, a spacious interior, and Honda's outstanding reputation for long-term reliability.","CA$12,500","211,000 km","AWD","https://www.facebook.com/marketplace/item/1568773071293093/","Active status; lots of recent work"
"2014 Honda CRV AWD","Honda CR-V","Calgary, AB","Aug 19, 2026","269,000 kms / Active Status

Selling my reliable SUV, it only has $1k claim. Oil change, change rotors (2 months ago), change tires, everything it needed.

Comes with:
✅ Back-Up Cam
✅ Heated Seats
✅ Bluetooth Connectivity, and more

Yes it's available","CA$11,000","269,000 km","AWD","https://www.facebook.com/marketplace/item/933044535899337/","Active status; only $1k claim on record"
"2016 Honda CR-V SE | ACTIVE TITLE | AWD | Backup Camera | Bluetooth | Cruise Control","Honda CR-V","Calgary, AB","Aug 14, 2026","🚙 For Sale: 2016 Honda CR-V SE AWD – Reliable, Fuel-Efficient & Ready for Every Season!
✨ Key Highlights:
🟢 ACTIVE TITLE
📍 Mileage: 282058 kms
⚙️ Efficient 2.4L i-VTEC 4-cylinder engine paired with a CVT automatic transmission for a smooth and fuel-efficient drive
❄️All-Wheel Drive for enhanced confidence in rain, snow, and changing road conditions
🚗 Multi-angle backup camera with guidelines
🔑 Smart Entry with push-button start
😎Heated power side mirrors
🪑 Premium cloth interior with supportive seating
🔥 Heated front seats for added comfort
📱 Bluetooth hands-free calling and audio streaming
🎵 7-inch Display Audio touchscreen with AM/FM/CD, USB, AUX input
🧭 Steering wheel-mounted audio and cruise controls
🚘 Cruise control with Eco Assist™ system for improved fuel efficiency
📦 Spacious cargo area with a split-folding rear seat
✨ Additional Highlights:
📊 Excellent mechanical condition — ready for daily driving or work
📑 Comes with a recent mechanical inspection
👐 No issues
🏷️ Fully inspected and certified — ready to drive off the lot same day
💵 Price is plus GST
📞 [hidden information], [hidden information]
📍 GT Auto, 4204 10 St NE, Calgary, AB
🕒 Monday–Friday: 10 am – 7 pm
🕒 Saturday: 10 am – 6 pm
✅ Trade-ins
✅ Financing
✅ Delivery
✅ Warranty
💯 AMVIC Licensed Dealership","CA$9,995","282,058 km","AWD","https://www.facebook.com/marketplace/item/1285212506883041/","Active title; high km (282k); dealer"
"Honda CR-V 2009","Honda CR-V","Calgary, AB","Aug 13, 2026","Reliable black Honda CR-V 2009 with a grey cloth interior. This vehicle has an automatic transmission and an odometer reading of 170,489 km. It is equipped with all-weather floor mats, extra wiper and 4 extra tires. Active status an no accident.i am the second owner of the car.","CA$11,800","170,489 km","Not stated","https://www.facebook.com/marketplace/item/1607847837517425/","Second owner, no accidents, low km"
"Honda CRV 2011","Honda CR-V","Red Deer, AB","Aug 17, 2026","Hi, I'm selling my car as is.
2011 Honda CRV 2.4, mileage 287,879.
What's been done to the car:
The rear shock absorbers and springs were replaced, the rear bushings of the front control arms were replaced, the brake pads were replaced, two years ago the cylinder head was completely rebuilt, the timing chain and radiator were replaced,
I have 18"" wheels for the summer, and a set of original 17"" wheels for the winter. The windshield has been replaced.

I don't answer questions about availability.
The car is negotiable only upon meeting.","CA$8,700","287,879 km","Not stated","https://www.facebook.com/marketplace/item/2209371329605968/","Red Deer (~145 km N); sold as-is; high km"
"2012 Honda CR-V","Honda CR-V","Edmonton, AB","Aug 19, 2026","Up for sale is a dependable 2012 Honda CR-V EX. Known for their outstanding longevity, fuel efficiency, and low maintenance costs, this CR-V runs and drives great. It's perfect as a reliable daily commuter, winter driver, or first car!
Key Features:-
● AWD System: Great handling in winter and rainy conditions
● Sunroof / Moonroof
● Alloy Wheels
● Air Conditioning & Heated Side Mirrors
● Fold-Flat Rear Seats: Tons of cargo space
Vehicle Condition:-
Mechanically: Excellent condition—engine and transmission run smooth with no known issues. Well-maintained and ready to drive home.
Cosmetically: The body has hail damage (reflected in the price). Photos accurately show the exterior condition. Purely cosmetic; it does not affect drivability or safety","CA$10,999","219,000 km","AWD","https://www.facebook.com/marketplace/item/2289681941783040/","Edmonton; hail damage (cosmetic)"
"2015 Honda CR-V","Honda CR-V","Edmonton, AB","Aug 13, 2026","2015 Honda CRV (ALL WHEEL DRIVE)
Regular maintained vehicle.
Daily driver vehicle so kilometer will go higher.
Brand new tires
Fresh Oil Change
Runs and drives mint.
Recently detailed.
Remote Starter
Heated Seats
Reverse Camera
ACTIVE TITLE..NOT REBUILD
Recently inspected and can provide carfax aswell.
Location - Southside Argyll Road","CA$12,500","265,000 km","AWD","https://www.facebook.com/marketplace/item/1320798459856315/","Edmonton; active title (not rebuilt)"
"2013 Honda CR-V","Honda CR-V","East Kootenay, BC","Aug 13, 2026","Selling our family CRV, we have outgrown it. It's been a great vehicle. It has a crack in the windshield and that's the only known issue. Pretty firm on the price. Thanks for looking","CA$9,500","263,000 km","Not stated","https://www.facebook.com/marketplace/item/1937692516870127/","BC listing (East Kootenay) - farthest from Calgary in this set; cracked windshield"
"2013 Ford Escape (Titanium AWD)","Ford Escape","Calgary, AB","Aug 13, 2026","2013 Ford Escape Titanium AWD – 2.0L EcoBoost
177,119 km | 2 Owners | No Accidents | AWD
Selling a well-equipped 2013 Ford Escape Titanium AWD with the 2.0L EcoBoost engine and only 177,119 km.
This Escape has had only 2 owners and has never been in an accident. It's a great year-round vehicle with plenty of features, AWD, and a 2"" hitch receiver.
Features
• 2.0L EcoBoost engine
• AWD
• Titanium trim
• Leather interior
• Heated seats
• Backup camera
• Navigation
• Power seats
• Panoramic sunroof
• Bluetooth
• Push-button start
• Keyless entry
• Power liftgate
• Alloy wheels
• 2"" hitch receiver
• Full set of winter tires on rims included
Recent Maintenance
• Front brake calipers recently replaced
Condition
Overall, the vehicle is in good condition for its age and mileage. The only notable cosmetic issue is a small spot of rust on the driver's side door.
Located in NE Calgary.
Serious inquiries welcome. Message me if you'd like more information or would like","CA$10,500","177,119 km","AWD","https://www.facebook.com/marketplace/item/4118943408403869/","2 owners, no accidents - well documented"
"2013 Ford Escape SEL","Ford Escape","Calgary, AB","Aug 19, 2026","Ford Escape Titanium SEL, 2013 All-Wheel Drive. Reliable and quiet drive. Great car to get around town or for road trips. Clean and in good condition. New CV-joints and front brakes in 2024. Includes both summer and winter tires on alloy rims. All tires are 2 years old and in excellent condition. Also inclues 2"" hitch mount (no electric) for bike rack. Title: Rebuilt.
Convenience features: Push-button start (2 sets of key fobs), remote start function, leather seats, dual climate zone, bluetooth (no android auto or apple car play), panoramic sunroom, power liftgate, built-in garage door opener, seat memory settings, back-up sensor (no camera).","CA$7,900","164,000 km","AWD","https://www.facebook.com/marketplace/item/1772920820381197/","Rebuilt title; both tire sets included"
"2014 Ford Escape SE AWD","Ford Escape","Calgary, AB","Aug 18, 2026","2014 Ford Escape SE AWD – 165,500 km
🚗 1.6L EcoBoost | AWD | Automatic
🔴 Red exterior / Black interior
⚠️ Rebuilt title
Features:
• Leather & heated seats
• Navigation & backup camera
• Bluetooth & keyless entry
• Power driver's seat
• Alloy wheels & premium sound
• Remote starter
🔧 Recently Serviced:
• Fresh oil change
• Transmission & differential fluid service
• Brake fluid flush
• New front & rear brakes
• 4 new all-weather tires
• Axle seals replaced
✅ Runs and drives great
✅ No oil leaks or rust
✅ Clean inside and out
✅ Light, unnoticeable hail damage — cosmetic only
✅ Currently my daily driver
📌 Mileage will increase slightly as I drive it daily.
Selling because our family is growing and we're upgrading to a bigger vehicle. It has been a reliable daily driver and is well maintained.
📩 Message me if interested!","CA$7,500","165,500 km","AWD","https://www.facebook.com/marketplace/item/1323875592883498/","Rebuilt title; extensive recent service; light hail"
"2017 Ford Escape","Ford Escape","Calgary, AB","Aug 18, 2026","2017 Ford escape (Active )
Under warranty for next 25k kilometres
Panoramic sunroof
Electric seat
4wd ( four wheel drive)","CA$12,500","164,000 km","4WD","https://www.facebook.com/marketplace/item/2369611303855596/","Still under warranty for next 25,000 km"
"2017 Ford Escape SE NAV PANO ROOF HEATED SEATS","Ford Escape","Calgary, AB","Aug 19, 2026","2017 Ford Escape SE 4x4 Panoramic Roof Navigation & Heated Seats. Highlights & Key Specs. Mileage: 154,643 km. Engine: 1.5L Turbocharged 4-Cylinder (177 HP). Drivetrain: 4x4 Four-Wheel Drive. Exterior / Interior: Lightning Blue / Grey. Body Style: 4-Door SUV. Description: Drive away in style and comfort with this feature-packed 2017 Ford Escape SE 4x4. Finished in eye-catching Lightning Blue, this highly capable compact SUV combines impressive fuel efficiency with all-weather 4x4 capability and premium tech features. Standout Features Include: Cabin Comfort & Style: Panoramic Moonroof/Sunroof, Heated Front Seats, Power Drivers Seat, Leather Steering Wheel, Automatic Climate Control, and Power Windows/Locks/Mirrors. Technology & Entertainment: Built-in Navigation System, Back-Up Camera, Bluetooth Connectivity, AM/FM/CD/MP3 Stereo with Steering Wheel Audio Controls, and Remote Keyless Entry. Safety & Handling: Intelligent 4x4 Drive System, Blind Spot Monitoring, Traffic Sign Recognition, Electronic Stability Control, Traction Control, Fog Lights, and Roof Rack. Contact today to schedule your private viewing and test drive!","CA$8,998","154,643 km","4x4/4WD","https://www.facebook.com/marketplace/item/3281782485366156/","Well-equipped for the price"
"2018 Ford Escape","Ford Escape","Calgary, AB","Aug 17, 2026","Excellent ENGiNE and TRANSMISSION 1.5 ecobust AWD .
Body : zero rust.
Just replaced right front fender and number due to minor accident. ( so currently rebuilt satatus )
A/C works
Heated front seats
Smoke free.
4 winter tires installed.
NEW battery ( bought 10 days ago )
Needs NOTHING!
CURRENTLY insured and registered.","CA$10,000","108,300 km","AWD","https://www.facebook.com/marketplace/item/1514436097036635/","Lowest km in the Escape set (108k); rebuilt status"
"2018 Ford Escape SEL","Ford Escape","Calgary, AB","Aug 20, 2026","2018 FORD ESCAPE SEL WITH 229991 KMS, 4WD, NAVIGATION, BACKUP CAMERA, HEATED MIRRORS, AUTO STOP/START, LEATHER SEATS, HEATED FRONT SEATS, BLUETOOTH, USB/AUX, POWER WINDOWS LOCKS SEATS AND MORE!
ALL CREDIT ACCEPTED!
One month at a job? Bankruptcy? New to Canada? Collections? Student or work visas? Previous repossessions? Good or bad credit? We've got you covered! Get pre-approved today at www.autoshouse.com!
What We Offer:
*Low Bi-Weekly Payments
*Instant Approvals
*Credit Consolidation
*Employment Insurance
*Negative Equity Coverage
Operating Hours:
Mon-Thurs: 10 am -- 7 pm
Fri-Sat: 10 am -- 6 pm
Sunday: 11 am -- 5 pm
Call Sunridge [hidden information] ! All vehicles come with a full mechanical fitness assessment.
CARFAX IS AVAILABLE TO THE CONSUMER.
Referral Program:
Refer friends and family and earn $500 for each referral!
AMVIC Licensed Dealer
After a credit check, we can determine payments, APR, terms, and interest rates based on your credit (O.A.C). Individual credit will affect bi-weekly payments and the total cost of credit. Similar to Chevrolet, GMC, Honda, Toyota, Cadillac, Nissan, Ford, Volvo 2007, 2008, 2009, 2010, 2011, 2012, 2013, 2014, 2015, 2016, 2017, 2018
3312 26 Street Northeast, Calgary, AB, T1Y 4T7
All photos are of the vehicle featured in the advertisement.
Stock # D10647","CA$10,988","229,991 km","4WD","https://www.facebook.com/marketplace/item/2507070003146763/","Dealer; high km (230k); posted <1 hour before capture"
"2018 Ford Escape SEL - 4WD","Ford Escape","Calgary, AB","Aug 13, 2026","2018 Ford Escape SEL - 4WD
156423 km only
Grey Color - 1.5L Eco Boost Engine
4 Cylinder - SUV
Backup Camera - Navigation Compass
Automatic Transmission
Almost New All weather tires on rims
Active status
All details available upon inquiry.","CA$11,900","156,423 km","4WD","https://www.facebook.com/marketplace/item/1308264594483909/","Active status"
"2018 Ford Escape SEL 4WD No Accidents","Ford Escape","Calgary, AB","Aug 15, 2026","2018 Ford Escape SEL 4WD
Stock# C63837

➡️ 157,615km
➡️ 1.5L Ecoboost I4 4WD
➡️ Active Alberta Registration
➡️ Clean Title, No Accidents or Claims

✅ Your credit history won't stop you — we can help!
✅ MECHANICAL ASSESSMENT
✅ Extended Warranty Available
➡️ Apple CarPlay
➡️ Blind Spot Detection
➡️ Navigation
➡️ Power Tailgate
➡️ Backup Camera
➡️ Dual Climate Control
➡️ Panoramic Sunroof/Moonroof
➡️ Power/ Heated Front Seat
➡️ Lane Keep Assist
Price: $12,450+GST
AMVIC licensed dealership","CA$11,950","157,615 km","4WD","https://www.facebook.com/marketplace/item/928686313607608/","Clean title, no accidents. Same car also posted as item 1027886303350806 - counted once"
"2018 Ford Escape SEL AWD","Ford Escape","Calgary, AB","Aug 19, 2026","2018 Ford Escape SEL AWD
Very clean, drives like new with no issues. Well maintained and needs nothing. Clean history dealer serviced since new. A reliable SUV that's ready for its next owner.
ACTIVE STATUS, NO ACCIDENTS
Some options include Reverse Camera, Bluetooth, Heated Seats, Leather seats, Remote Start, Android Auto, Apple car play, Power Driver's Seat, Keyless Entry, Alloy Wheels, Cruise Control, Steering Wheel Controls, Power Windows, Locks & Mirrors, Air Conditioning and much more!
149,947 KM
$11,800
Stock #7395
AMVIC Licensed Dealer
Prices do not include GST
All vehicles come with valid AMVIC inspection and CarFax.","CA$11,800","149,947 km","AWD","https://www.facebook.com/marketplace/item/1734946554456566/","Active status, no accidents, dealer serviced since new"
"2014 Ford Escape AWD EcoBoost","Ford Escape","Airdrie, AB","Aug 16, 2026","2014 Ford Escape AWD EcoBoost – One Owner – Well Maintained
For Sale: Silver 2014 Ford Escape AWD
Selling my 2014 Ford Escape AWD because I recently purchased a new vehicle.
🚙 195,200km
⚙️ 1.6L EcoBoost engine
❄️ All-Wheel Drive (AWD)
🎨 Silver exterior
👤 Owned since new
🔧 Regular oil changes and maintenance
✅ Well cared for
🇨🇦 Great year-round Alberta vehicle
This Escape has been a dependable vehicle and has been owned and cared for by the same owner since new. Maintenance and oil changes have been kept up regularly, and it has been a reliable daily driver.
The AWD system makes it a great choice for Calgary winters, while the 1.6L EcoBoost offers a good combination of power and fuel economy.
Reason for selling: I purchased a new vehicle and no longer need the Escape.
195,200 km
Serious inquiries are welcome. Come take a look and see it for yourself.
Asking: $7,800.00 OBO
📍 Calgary, Alberta","CA$7,800","195,200 km","AWD","https://www.facebook.com/marketplace/item/1760614312737006/","One owner since new; Airdrie (~30 km N of Calgary)"
"2016 Hyundai Tucson","Hyundai Tucson","Calgary, AB","Aug 15, 2026","2016 Hyundai Tucson!! Very Clean!!
Stylish and versatile SUV with a comfortable interior, great fuel economy, and the practicality you need for everyday driving. Perfect for commuting, road trips, or growing families looking for a reliable SUV.
Features:
• 2.0L 4-Cylinder Engine
• Automatic Transmission
• All-Wheel Drive (AWD)
• Heated Front Seats
• Backup Camera
• Bluetooth Connectivity
• Touchscreen Display
• Air Conditioning
• Cruise Control
• Keyless Entry
• Power Windows & Locks
• Steering Wheel Audio Controls
Stylish, modern and easy to handle. The Tucson offers the perfect balance of practicality, safety, and value in a compact SUV.
Financing Available – All Credit Welcome
Trade-Ins Accepted
Located: 2811 58 Ave SE Calgary
Contact: [hidden information]
AMVIC Licensed Dealer","CA$10,988","175,000 km","AWD","https://www.facebook.com/marketplace/item/1370807628575794/","AMVIC dealer"
"2016 Hyundai Tucson Limited","Hyundai Tucson","Calgary, AB","Aug 19, 2026","VEHICLE DESCRIPTION:
 . Year: 2016
 . Make: Hyundai
 . Model: Tucson
 . Body Style: suv
 . Odometer: 185354
 . Transmission: automatic
 . Engine: 4 Cylinder
 . Engine Size: 1.6 L
 . Driveline: AWD
 . Exterior Color: Black
 . Interior Color: Black
 . Doors: 4
 . Passengers: 5
 . Fuel Type: gas
 . City Fuel: 9.9
 . Hwy Fuel: 8.4
 . Stock Number: 94
 . VIN: KM8J3CA27GU104996
 Used / 2016 Hyundai Tucson Limited / SUV / All-wheel drive / Active status / approved financing / prime and sub-prime banks / mechanical fitness assessment / out of province inspection, it is ready to be registered in AB / clean active title / back up camera / heated seats

Art of cars (1827 36 St SE Calgary) Monday to Friday 10-5 pm
Please feel free to check our full inventory and carfaxes at artofcars.ca

Selling 2016 Hyundai Tucson Limited with 185431 km on it in a great mechanical condition. Automatic transmission, 1.6 l 4 cylinders engine. 5 seater SUV. Active status. Comes with recent mechanical fitness assessment, out of province inspection (READY TO BE REGISTERED IN AB) and Carfax report. Just detailed.

Car features:
Active status
Engine – 1.6l 4 cylinder engine
Push start button
Panoramic sunroof
Back up camera and parking sensors
Heated steering wheel
Front and back heated seats
Premium stereo system
Blind spot detection
Cross traffic detection
Powered tailgate
Cruise control
Voice commander on the steering wheel
Dual climate control
Powered doors
Power mirrors
Powered windows
Powered locks
Heated front and rear seats
Downhill parking assistance
Drive mode
Keyless entry
AC
FM / AM / XM / USB / AUX / Bluetooth / XM / MP3 / navigation
1 key fob

AMVIC #B2032483
Stock #94
[hidden information]

Please contact me prior coming to book an appointment.

Price is 11999$ + gst KM8J3CA27GU104996","CA$10,999","185,354 km","AWD","https://www.facebook.com/marketplace/item/1699136941350328/","Dealer (Art of Cars); advertised price + GST is $11,999"
"2017 Hyundai Tucson","Hyundai Tucson","Calgary, AB","Aug 19, 2026","I'm selling my 2017 Hyundai Tucson.
It has been well-maintained at Hyundai Calgary (official dealership). It's very solid on the road, whether for long road trips or just the daily commute to work, school, or groceries.
Quick Specs
Year: 2017
Model: Hyundai Tucson
Engine: 1.6L Turbocharged 4-Cylinder
Drivetrain: AWD (All-Wheel Drive)
Mileage: ~150,000 km
CARFAX Status: Normal
Cons: Minor hail damage
Located in Sunnyside, Calgary.
Key Features
-AWD
-Panoramic Sunroof
-Drive Mode Select (Eco, Normal, Sport)
-Heated front & rear seats
-Heated Steering Wheel
-Blind Spot Detection
-Backup Camera
-Adaptive Cruise
-Winter Tires
-Dual-Zone Climate Control
- 2 keys","CA$12,000","150,000 km","AWD","https://www.facebook.com/marketplace/item/1428302159203563/","Dealer-maintained; normal CARFAX; minor hail"
"2017 Hyundai Tucson (SE AWD)","Hyundai Tucson","Calgary, AB","Aug 18, 2026","Looking for a practical SUV that's ready for year-round Alberta driving? This 2017 Hyundai Tucson SE AWD offers a great combination of comfort, practicality, fuel efficiency, and all-wheel-drive capability.
✨ Highlights:
• 138,417 KM
• 2.0L 4-Cylinder Engine
• Automatic Transmission
• AWD
• Red Exterior
• Black Interior
• Seats 5
• Great fuel economy
• 11 documented service records
• Strong dealership service history
• Front brakes replaced
• Recent oil & filter services
• Tire rotations & wheel alignment
• Engine & maintenance inspections
🔧 Service History:
Dealership servicing completed by Calgary Hyundai, Hyundai Gallery, and South Trail Hyundai, with additional maintenance performed by Kal Tire.
📋 Vehicle History:
Alberta registered with normal branding. CARFAX reports a claim over $3,000. No salvage, rebuilt, flood, fire, rental, taxi, unsafe or non-repairable history reported. Previous use reported as personal.
💳 Financing options may be available — ask for details!
📲 Call/Text","CA$12,499","138,417 km","AWD","https://www.facebook.com/marketplace/item/1014256061435851/","11 documented service records; CARFAX claim >$3,000 disclosed"
"2018 Hyundai Tucson (SE AWD)","Hyundai Tucson","Calgary, AB","Aug 13, 2026","2018 Hyundai Tucson SE AWD | $12,000 | 178,000 km
Not a stripped-down Tucson with a fancy description. This one is actually loaded and has had the expensive maintenance done.
2.0L • AWD • Panoramic roof • Leather • Adaptive cruise • Blind spot • Lane assist • Auto climate • Power driver seat
Brand-new brakes, rotors & pads FRONT + REAR.
Very good condition. Carfax is accurate. Not rebuilt and no major accident.
💰 Cash: $12,000
Private sale = no GST.
🏦 Financing available — prime & non-prime
Financing goes through a major franchise dealership, giving access to banks and alternative lenders.
Example with $1,000 down / 48 months / $1,500 2-year unlimited-km warranty:
Approx. $185 biweekly @ 8.99%
Approx. $207 biweekly @ 14.99%
OAC. Rate depends on credit.
Finance deal: $995 finance fee + $44.95 PPSA + GST.
If you know Tucsons, come see this one.","CA$12,000","178,000 km","AWD","https://www.facebook.com/marketplace/item/1436773691842984/","Private sale, no GST; not rebuilt"
"2018 Hyundai Tucson SE","Hyundai Tucson","Calgary, AB","Aug 19, 2026","VEHICLE DESCRIPTION:
 . Year: 2018
 . Make: Hyundai
 . Model: Tucson
 . Body Style: suv
 . Odometer: 182721
 . Transmission: automatic
 . Engine: 4 Cylinder
 . Engine Size: 2.0 L
 . Driveline: AWD
 . Exterior Color: Black
 . Interior Color: Black
 . Doors: 4
 . Passengers: 5
 . Fuel Type: gas
 . City Fuel: 11.0
 . Hwy Fuel: 9.1
 . Stock Number: 61
 . VIN: KM8J3CA48JU731988
 Used / 2018 Hyundai Tucson SE Limited / SUV / All-wheel drive / Active status / approved financing / prime and sub-prime banks / mechanical fitness assessment / out of province inspection, it is ready to be registered in AB / clean active title / back up camera / heated seats / remote starter

Art of cars (1827 36 St SE Calgary) Monday to Friday 10-5 pm
Please feel free to check our full inventory and carfaxes at artofcars.ca

Selling 2018 Hyundai Tucson SE Limited with 182831 km on it in a great mechanical condition. Automatic transmission, 2.0 l 4 cylinders engine. 5 seater SUV. Active status. Comes with recent mechanical fitness assessment, out of province inspection (READY TO BE REGISTERED IN AB) and Carfax report. Just detailed. Almost new tires.

Recent services:
Oil and filter changed

Car features:
Active status
Engine – 2.0l 4 cylinder engine
Blind spot monitor system
Back up camera
Cruise control
Dual climate control
Powered doors
Power mirrors
Powered windows
Powered locks
Heated seats
Heated steering wheel
Leather seats
Downhill parking assistance
Panoramic Sunroof
Keyless entry
AC
FM / AM / XM / DVD / USB / AUX / Bluetooth / XM / MP3
Remote starter
4 key fobs

AMVIC #B2032483
Stock #61
[hidden information]

Please contact me prior coming to book an appointment.

Price is 12999$ + gst KM8J3CA48JU731988","CA$12,500","182,721 km","AWD","https://www.facebook.com/marketplace/item/1401835038566326/","Dealer (Art of Cars); out-of-province inspection done; note advertised price + GST is $12,999"
"Hyundai Tucson 2.0L AWD 2017","Hyundai Tucson","Chestermere, AB","Aug 13, 2026","Hyundai Tucson 2.0L AWD in excellent condition and running perfectly, with 181,000 km. An extremely reliable car that offers a smooth ride and is fully prepared to handle Calgary winters thanks to its All-Wheel Drive (AWD) system. Highlights and Vehicle Condition: * Impeccable Mechanics: Engine and transmission run smoothly; no strange noises or issues. Ready to drive. * AWD (Winter-Ready): Excellent traction and safety on snow and ice. * Up-to-date Maintenance * Overall Condition: Well-maintained; non-smoker vehicle. * Key Features: Heated seats, backup camera, Bluetooth connectivity, steering wheel controls, cruise control, and full power package (windows, locks, and mirrors). An excellent choice for an economical, safe, and spacious SUV—ideal for families or daily commuting. * Price: $12,450 CAD * Location: Chestermere * Contact: Marlon [hidden information]","CA$12,450","181,000 km","AWD","https://www.facebook.com/marketplace/item/1784655532880148/","Chestermere (~25 km E of Calgary)"
"2017 Hyundai Tucson Limited AWD","Hyundai Tucson","Edmonton, AB","Aug 17, 2026","2017 HYUNDAI TUCSON LIMITED AWD
Active status Alberta
AWD
Engine 4-Cyl 1.6 turbo
No any leaks
Remote starter
Low mileage 140,500 km
Panoramic sunroof, leather seating, heated front and rear seats, heated steering wheel, cruise control, climate control, backup camera, blind spot sensors.
This car is clean, well-kept, tidy. This car is fully serviceable. Just come in and go.","CA$11,900","140,500 km","AWD","https://www.facebook.com/marketplace/item/2737703603266529/","Edmonton; Limited trim, low km"
"2018 Hyundai Tucson SE AWD 1.6L Turbo","Hyundai Tucson","Wetaskiwin County No 10, AB","Aug 15, 2026","2018 Hyundai Tucson SE AWD 1.6L Turbo – 117,000 km: upgraded to a Tahoe
Well-maintained, fully loaded Tucson. $12,500 – priced to sell.
✅ AWD
✅ Leather interior
✅ Heated front/rear seats + steering wheel
✅ Panoramic sunroof
✅ Apple CarPlay + backup camera
✅ Dual-zone climate + Lane Keep Assist
✅ All-weather tires + 3 summer tires
Recent maintenance: Turbo replaced (2023), timing belt & spark plugs (2025), battery replaced last year. Receipts available.
Known issues: Check engine light (O₂ sensor-related code), cracked/chipped windshield and lower right fog light needs replacement. Selling as-is.
CARFAX shows one minor $1,772 rear claim from 2022, professionally repaired. No structural damage or rebuilt/salvage status. Open Hyundai ABS recall.
CARFAX & maintenance records available. Serious inquiries only.","CA$12,500","117,000 km","AWD","https://www.facebook.com/marketplace/item/1735912290954272/","Wetaskiwin County (~270 km N of Calgary); very honest disclosure; low km"
"2011 Hyundai Santa Fe","Hyundai Santa Fe","Calgary, AB","Aug 19, 2026","A safe, reliable, four-wheel drive family car
Bluetooth
Full electric
Brandnew winter tires
No lake oil
Full inspection","CA$7,500","149,000 km","4WD (stated 'four-wheel drive')","https://www.facebook.com/marketplace/item/2531838997286618/","Minimal description; drivetrain stated as four-wheel drive"
"2013 Hyundai Santa Fe","Hyundai Santa Fe","Calgary, AB","Aug 15, 2026","Clean title, well-maintained, and in excellent condition. Runs and drives great with no mechanical issues. Powerful yet fuel-efficient 2.0L Turbo engine with AWD, perfect for all seasons.
Loaded with features:
* AWD
* 2.0L Turbo
* Panoramic sunroof
* Heated & cooled (ventilated) leather front seats
* Heated rear seats
* Heated steering wheel
* Navigation
* Backup camera
* Bluetooth
* Dual-zone climate control
* Push-button start
* Keyless entry
* Premium alloy wheels
Very clean inside and out. Regularly maintained and ready for its next owner. No warning lights and everything works as it should.
Serious buyers only. Message me for more details or to schedule a viewing","CA$9,700","124,000 km","AWD","https://www.facebook.com/marketplace/item/1060952243303524/","Clean title; low km (124k) - strong candidate"
"2013 Hyundai Santa Fe Limited (Sport Limited AWD)","Hyundai Santa Fe","Calgary, AB","Aug 15, 2026","Santa Fe Sport Limited AWD | Pano Roof | Clean Carfax
Step confidently into any Alberta winter with this fully inspected, top-trim Santa Fe Sport Limited! 264HP 2.0L Turbo engine paired with an advanced All-Wheel Drive system for exceptional traction on icy Calgary roads. 🏔️ Backed by a flawless, clean Carfax report with consistent local dealership servicing, this SUV offers uncompromising peace of mind and is completely winter-ready. ✅
The premium Serrano Red exterior perfectly contrasts the refined Black leather interior. 🚘 Loaded with high-end comforts to eliminate commute stress, it features heated and ventilated front power seats, heated rear seats, and a massive panoramic sunroof that floods the spacious cabin with natural light! ☀️ Tech-focused buyers will love the heated steering wheel, integrated navigation, backup camera, and premium Infinity audio system. 🎶 Extended Stock# DG066649
Amvic Licensed Dealer # B1041665
Subject to GST 5%
Trades Welcome / Warranty Options","CA$10,995","141,000 km","AWD","https://www.facebook.com/marketplace/item/1112032195092400/","Clean Carfax; dealer-serviced; low km (141k)"
"2013 Hyundai Santa Fe Luxury (XL GLS AWD, 7 seats)","Hyundai Santa Fe","Calgary, AB","Aug 19, 2026","VEHICLE DESCRIPTION:
 . Year: 2013
 . Make: Hyundai
 . Model: Santa Fe
 . Body Style: suv
 . Odometer: 150891
 . Transmission: automatic
 . Engine: 6 Cylinder
 . Engine Size: 3.3 L
 . Driveline: AWD
 . Exterior Color: White
 . Interior Color: Black
 . Doors: 4
 . Passengers: 7
 . Fuel Type: gas
 . City Fuel: 11.7
 . Hwy Fuel: 8.0
 . Stock Number: A00026
 . VIN: KM8SNDHF0DU002271
 Used 2013 HYUNDAI SANTA FE XL GLS AWD 7 seats / Active status / SUV / approved financing / prime and sub-prime banks / mechanic fitness assessment / out of province inspection / active title / heated seats / leather seats / sun roof / back up camera / Trade ins / Financing / Warranty / Delivery

Art of cars – 1827 36 st se Calgary
Open Monday – Saturday 10-5 by appointments

Selling 2013 HYUNDAI SANTA FE XL GLS AWD with 150891 kms on it, which is 7 seater with lots of room and options, in a great mechanical condition. Automatic transmission, 3.3 litre V6 engine. Active status. Comes with recent mechanical fitness assessment and completed out of province inspection (good to be registered in Alberta), Carfax with service records.

Recent services:
New brake pads and rotors

Engine – 3.3 l V6
7 passengers
Heated leather seats
Heated steering wheel
Back up camera
Towing package
Cruise control
Dual climate control
Rear climate control
AC
Powered doors, mirrors, seats
Powered tailgate
Memory seats
Keyless entry
Powered windows and locks
CD / AUX / FM / AM / DVD / Bluetooth / AUX / Sirius
4 wheel drive
Audio Controls on Steering Wheel
Tilt and Telescopic Steering Wheel
2 key fobs

AMVIC #B2032483
Stock #A00026
Please contact me to make an appointment at [hidden information]

Price is 11999$ plus GST KM8SNDHF0DU002271","CA$10,999","150,891 km","AWD","https://www.facebook.com/marketplace/item/1555584488803138/","Santa Fe XL (larger 7-seat model, not compact); dealer; advertised price + GST is $11,999"
"2013 Hyundai Santa Fe Sport","Hyundai Santa Fe","Calgary, AB","Aug 19, 2026","*** Heated Seats ** No Reported Accidents ** Backup Camera ***
2013 Hyundai Santa Fe Sport AWD
240,822 KMs
2.0L 4cyl gas engine automatic transmission
No reported accidents
The Hyundai Santa Fe has black leather heated and cooling seats, cruise control, steering wheel controls, power windows, power locks, power mirrors, Bluetooth, USB & AUX, dual climate control, rear heated seats, a heated steering wheel, a backup camera, and so much more! This Santa Fe can seat 5 and comes with a remote starter
We believe buying a vehicle should be simple and stress-free. That's why our sales team is not paid on commission, allowing us to focus on finding the right vehicle for you instead of making a sale.
You'll also never pay hidden dealership fees, documentation fees, or an AMVIC levy. Just the advertised price plus GST.
Contact
Location: SJL Auto Ltd.
504 East Lake Blvd NE
Airdrie, AB T4A 2G5
Phone: [hidden information]
Hours:
Monday–Saturday: 10:00 AM – 7:00 PM
Sunday: Closed
Message us today to schedule your test drive or request a personalized video walkaround.
Browse our inventory: https://www.sjlautoltd.com/inventory/
Stock #: 122289
SJL Auto Ltd. is a fully AMVIC-licensed dealership.","CA$8,500","240,822 km","AWD","https://www.facebook.com/marketplace/item/2070208990260366/","No reported accidents; dealer is physically in Airdrie"
"2016 Hyundai Santa Fe Sport","Hyundai Santa Fe","Calgary, AB","Aug 16, 2026","2016 Hyundai Santa Fe Sport AWD | New Engine | New All-Season & Winter Tires
⭐ Hyundai Replacement Engine ⭐️
The vehicle received a new engine through Hyundai's replacement program, and the new engine has under 10,000 km on it. All paperwork is available.
✨Professionally Detailed✨
* New engine (<10,000km)
* 173,000km on body & transmission
* New all-season + winter tires
* Rear brakes & rotors recently replaced
* Front brakes over 50%
* 2 key fobs
* Heated front & back seats
* Heated steering wheel
* Power driver's seat
* Rear passenger vents
* USB, AUX, Bluetooth connectivity
Very good overall condition and well maintained. One minor crack on the rear driver's-side bumper from a parking-lot bump, shown in the final photo. Cosmetic only.
Great family vehicle and, with new tires and engine, has a lot of useful life left. We're selling because we want a larger vehicle for our family.
Serious inquiries welcome. Happy to provide paperwork to interested buyers.","CA$12,500","10,000 km on replacement engine / 173,000 km body","AWD","https://www.facebook.com/marketplace/item/1242419334649496/","Hyundai replacement-engine program - new engine <10,000 km; paperwork available"
"2017 Hyundai SANTAFE Sport - AWD","Hyundai Santa Fe","Calgary, AB","Aug 16, 2026","2017 Hyundai SantaFe Sport AWD, Excellent Condition In & Out, ACTIVE Status,
ACTIVE STATUS,
Sunroof & Moonroof,
Leather Interior,
Navigation,
Back up Camera,
Backup Sensors,
Blind Spot Indication,
Bluetooth,
Heated Seats (Front & Rear),
Heated Steering Wheel,
AC & Heat (Dual Climate Control),
CD, USB, Aux, AM, FM,
Audio Control in Steering Wheel,
Cruise Control,
Traction Control,

Asking $ 11250 FIRM for quick sale.
Call or Text me at 587*855*5485","CA$11,250","130,000 km","AWD","https://www.facebook.com/marketplace/item/1048414314774493/","Active status; low km (130k) - strong candidate"
"2012 Chevrolet EQUINOX AWD 4dr 1LT LOW KMS TIMING SERVICE COMPLETE","Chevrolet Equinox","Calgary, AB","Aug 16, 2026","STUNNING 2012 CHEVROLET EQUINOX LT LOADED WITH BACK UP CAMERA, SUNROOF, BLUETOOTH, AUX, USB, POWER WINDOWS AND DOOR LOCKS AND MUCH MUCH MORE!
AMVIC LICENSED DEALER
Call us now to book test drive or viewing.
Elite Motorsports 5210 Macleod Trail SW
[hidden information]
✅🏦Finance/ 💻Lease available.
✅Carfax available.
🚗Trade In available, You can get the high price for your vehicle.
📈Also get tax benefits for trade in.","CA$11,988","101,918 km","AWD","https://www.facebook.com/marketplace/item/2625821144481324/","Lowest kilometres in the whole set (101,918 km); timing service completed"
"2017 Chevrolet Equinox (Premium AWD)","Chevrolet Equinox","Calgary, AB","Aug 14, 2026","Selling a 2017 Chevrolet Equinox Premium AWD with 161,657 km for $8,999. This SUV is fully loaded with AWD, navigation system, backup camera, parking sensors, heated seats, sunroof, and leather seats. Comfortable, spacious, and great for year-round driving and Canadian winters. Plenty of room for passengers and cargo. Asking $8,999. Message for more information or to schedule a test drive.","CA$8,999","161,657 km","AWD","https://www.facebook.com/marketplace/item/1740267110760695/","Fully loaded Premium trim"
"2017 Chevrolet Equinox LS","Chevrolet Equinox","Calgary, AB","Aug 14, 2026","VEHICLE DESCRIPTION:
 . Year: 2017
 . Make: Chevrolet
 . Model: Equinox
 . Body Style: suv
 . Odometer: 156595
 . Transmission: automatic
 . Engine: 4 Cylinder
 . Engine Size: 2.4 L
 . Driveline: AWD
 . Exterior Color: White
 . Interior Color: Black
 . Doors: 4
 . Passengers: 5
 . Fuel Type: gas
 . City Fuel: 11.5
 . Hwy Fuel: 8.3
 . Stock Number: A00023
 . VIN: 2GNFLEEK0H6172502
 Used / 2017 CHEVROLET EQUINOX LS / SUV / Active status / Remote starter / Back up camera / Heated seats / approved financing / prime and sub-prime banks / mechanical fitness assessment

ART OF CARS located at 1827 36 street SE, please check our full inventory on artofcars.ca
Open Monday through Saturday 10-5 by appointments.

Selling an amazing 2017 CHEVROLET EQUINOX LS with 156633 km on it in a great mechanical condition. It is a 5 seater SUV. Automatic transmission, 2.4 L 4 cylinder engine. Active status. Comes with recent mechanical fitness assessment and Carfax. No leaks, no issues. Great on gas with a good amount of power. Just detailed. Almost new Michelin tires.

Options:
Back up camera
Air Conditioning
Keyless Entry
Power Windows
Power Locks
CD/ FM / AM / Bluetooth / Sirius / Phone connect
Cruise control
2 key fobs

AMVIC #B2032483
Stock #A00023
[hidden information]

Please contact me prior coming to book an appointment.
11999$ + GST 2GNFLEEK0H6172502","CA$10,500","156,595 km","AWD","https://www.facebook.com/marketplace/item/28178680821784574/","Dealer (Art of Cars); advertised price + GST is $11,999"
"2017 Chevrolet Equinox Premier AWD","Chevrolet Equinox","Calgary, AB","Aug 19, 2026","Used | SUV | Black | 2017 | Chevrolet | Equinox | Premier | AWD | Sunroof | Lane Keeping Assist
2017 CHEVROLET EQUINOX PREMIER WITH 140,682 KMS, AWD, NAVIGATION, BACKUP CAMERA, DVD/CD/RADIO, SUNROOF, BLUETOOTH, USB/AUX, LANE ASSIST, BLIND SPOT DETECTION, POWER FOLDING MIRRORS, HEATED SEATS, LEATHER SEATS, POWER WINDOWS, POWER LOCKS, POWER SEATS, HEATED SIDE MIRRORS AND MORE!
ALL CREDIT ACCEPTED!
One month at a job? Bankruptcy? New to Canada? Collections? Student or work visas? Previous repossessions? Good or bad credit? We've got you covered! Get pre-approved today at www.autoshouse.com!
What We Offer:
*Low Bi-Weekly Payments
*Instant Approvals
*Credit Consolidation
*Employment Insurance
*Negative Equity Coverage
Operating Hours:
Mon-Thurs: 10 am -- 7 pm
Fri-Sat: 10 am -- 6 pm
Sunday: 11 am -- 5 pm
Call Sunridge [hidden information] ! All vehicles come with a full mechanical fitness assessment and CARFAX report.
Referral Program:
Refer friends and family and earn $500 for each referral!
AMVIC Licensed Dealer
After a credit check, we can determine payments, APR, terms, and interest rates based on your credit (O.A.C). Individual credit will affect bi-weekly payments and the total cost of credit. Similar to Chevrolet, GMC, Honda, Toyota, Cadillac, Nissan, Ford, Volvo 2007, 2008, 2009, 2010, 2011, 2012, 2013, 2014, 2015, 2016, 2017, 2018
Location: 3312 26th ST. N.E. Calgary AB
CARFAX IS AVAILABLE TO THE CONSUMER.
All photos are of the vehicle featured in the advertisement.
Stock : 173701","CA$11,988","140,682 km","AWD","https://www.facebook.com/marketplace/item/913147854815644/","Top Premier trim; dealer"
"2019 Chevrolet Equinox LS AWD","Chevrolet Equinox","Rocky View County, AB","Aug 13, 2026","2019 Chevrolet Equinox LS AWD – LOW KM – LOADED!
$9,500
135,000 km
Rebuilt Status
Great opportunity to own a 2019 Equinox LS at an affordable price!
This Chevrolet Equinox LS AWD is a comfortable, spacious and fuel-efficient SUV with lots of great features. Perfect for commuting, family use, winter driving or road trips.
FEATURES INCLUDE: ✅ AWD – excellent for Alberta winters ❄️
✅ 135,000 km
✅ Backup Camera
✅ Apple CarPlay & Android Auto
✅ Heated Seats
✅ Remote Start
✅ Bluetooth Connectivity
✅ Cruise Control
✅ Spacious and comfortable interior
✅ Great cargo space
✅ Excellent visibility
✅ Fuel-efficient and practical
✅ Smooth, comfortable ride
ONLY $9,500!
The vehicle has rebuilt status, which is reflected in the very attractive price. A great option for someone looking for a newer SUV with excellent features .
2019 + AWD + 135,000 km + great features = Excellent Value!
Serious buyers are welcome to message me.","CA$9,500","135,000 km","AWD","https://www.facebook.com/marketplace/item/1401732765176449/","Rocky View County (adjacent to Calgary); newest model year in this set; rebuilt status"
"2013 Chev Equinox","Chevrolet Equinox","Carstairs, AB","Not shown on listing (matched Facebook's 'Last 7 days' filter)","2013 all wheel drive Chevrolet Equinox. Has black exterior and black cloth interior. Heated seats. Factory remote start. Power windows and locks, backup camera, cold air conditioning, Bluetooth.
Newer all weather tires (year old), new front brakes. 2inch receiver hitch with 4 pin wiring harness allows for 1500 lb towing or using a bike carrier or similar accessory. Fuel efficient 4 cylinder engine. 197000 km.
Recently repaired timing cam shaft.
Fresh oil change
Small dent in driver fender from road debris.
Interior in great shape.","CA$8,000","197,000 km","AWD","https://www.facebook.com/marketplace/item/2107153083509678/","Carstairs (~60 km N of Calgary). Facebook showed no relative post time on this listing - it appeared under the Last 7 days filter but the exact date could not be confirmed"
"2015 Chevrolet Equinox LT True North Edition","Chevrolet Equinox","Fernie, BC","Aug 19, 2026","2015 Chevrolet Equinox LT True North Edition

The 2015 Chevrolet Equinox LT True North Edition AWD is a Canadian-market trim package that adds popular luxury and convenience features to the compact all-wheel-drive crossover. It pairs a confident all-wheel-drive system with upgraded interior comforts.

Key Specifications & Performance
Engine: 2.4L 4-cylinder (182 hp, 172 lb-ft of torque)
Transmission: 6-speed automatic with an Eco mode button for improved highway efficiency.
Drivetrain: Intelligent All-Wheel Drive (AWD).
Fuel Economy: Approx. 10.2 L/100 km city and 7.3 L/100 km highway (combined around 8.9 L/100 km).

True North Edition / 2LT Package Features
Interior: Heated leather-appointed front bucket seats and a power-adjustable driver's seat.
Technology: Rearview backup camera, MyLink infotainment with a touchscreen, Bluetooth hands-free, and a premium Pioneer sound system.
Convenience: Remote vehicle start, automatic climate control, power liftgate, and universal home remote.
Exterior: 17-inch alloy wheels and chrome exterior accents. Plus separate winter rims and tires.

Original owner, well maintained. 128,500km. Regular oil changes every spring and fall since 2015. Pet free, scent free.

Serious inquiries only. No trades. Viewings available in Fernie.","CA$9,800","128,500 km","AWD","https://www.facebook.com/marketplace/item/28403492162620231/","Fernie, BC (~300 km SW of Calgary); original owner, low km, documented service"
"2013 Toyota Venza","Toyota Venza (off-list)","Calgary, AB","Aug 16, 2026","Selling my 2013 Toyota Venza AWD, a reliable, spacious, and comfortable SUV that's been an excellent family vehicle
✅ Active Status
✅ engine size 2.4l
✅ All-Wheel Drive (AWD)
✅ power door lock
✅power window
✅ Spacious interior with large cargo area
✅ Spacious interior with large cargo area
✅ Smooth and comfortable ride
✅ Includes a full set of summer tires and a full set of winter tires","CA$12,000","247,674 km","AWD","https://www.facebook.com/marketplace/item/919634064516519/","OFF-LIST FIND: Toyota Venza AWD - same 2.4L/AWD mechanicals as a RAV4 but larger and more comfortable. Active status, both tire sets included. Higher km (248k)"
"2014 Mazda CX-9 TOURING AWD 7-PASSENGER SUV","Mazda CX-9 (off-list)","Calgary, AB","Aug 15, 2026","🔥 2014 MAZDA CX-9 TOURING AWD — 7-PASSENGER SUV 🔥
Looking for a spacious SUV with V6 power, comfort and AWD capability? 🚙❄️
💥 3.7L V6 — 273 HP / 270 lb-ft
❄️ AWD for confident year-round driving
👨‍👩‍👧‍👦 7-passenger seating
🔥 Heated leather seats
🌡️ 3-zone automatic climate control
📷 Backup camera + rear parking sensors
👀 Blind Spot Monitoring + Rear Cross Traffic Alert
🪑 Power driver's seat with lumbar support
📱 Bluetooth hands-free calling & audio streaming
🛞 6-speed Sport automatic transmission
✨ Perfect for families, daily commuting and road trips.
Want more details, photos or availability? 👇
SEND US A MESSAGE NOW and ask about the 2014 Mazda CX-9 Touring AWD","CA$9,900","215,300 km","AWD","https://www.facebook.com/marketplace/item/1994693631243770/","OFF-LIST FIND: Mazda CX-9 is a 3-row midsize (not compact) - included only if you want more space. 3.7L V6 uses notably more fuel than everything else on this list"
"2015 Volkswagen TIGUAN 4MOTION LOW KMS *ACTIVE*","Volkswagen Tiguan (off-list)","Calgary, AB","Aug 16, 2026","2015 Volkswagen Tiguan S 4MOTION AWD | 139K KMS | Active Status
✔️ Fully Inspected
✔️ 2 Sets of Keys
✔️ Brand New All-Season Tires
✔️ New Brakes
✔️ New Windshield
✔️ Fresh Oil Change
✔️ 4MOTION All-Wheel Drive
✔️ Reverse Camera
✔️ Bluetooth Connectivity
✔️ Clean Interior & Exterior
💰 FINANCING AVAILABLE — $0 DOWN, EVERYONE APPROVED OAC!
📞 Call or text 647x446x7490 for more info or to book a showing!!
AMVIC LICENSED DEALERSHIP!","CA$11,969","139,541 km","AWD (4MOTION)","https://www.facebook.com/marketplace/item/2340597206745189/","OFF-LIST FIND: compact AWD SUV, direct CX-5/Tucson competitor. Active status, low km (140k), new tires/brakes/windshield. Note VW timing-chain and DSG service costs are higher than the Japanese options on your list"
